provider_id,role,scenarios,scenario_start,notes
PRV-001,normal,,,
PRV-002,injected,upcoding,2026-01-14,
PRV-003,normal,,,
PRV-004,normal,,,
PRV-005,normal,,,
PRV-006,normal,,,
PRV-007,normal,,,
PRV-008,normal,,,
PRV-009,historical,referral_concentration,2025-05-01,
PRV-010,normal,,,
PRV-011,normal,,,
PRV-012,normal,,,
PRV-013,normal,,,
PRV-014,normal,,,
PRV-015,normal,,,
PRV-016,normal,,,
PRV-017,normal,,,
PRV-018,normal,,,
PRV-019,normal,,,
PRV-020,normal,,,
PRV-021,normal,,,
PRV-022,normal,,,
PRV-023,normal,,,
PRV-024,normal,,,
PRV-025,normal,,,
PRV-026,normal,,,
PRV-027,normal,,,
PRV-028,normal,,,
PRV-029,historical,historical_excessive,2025-05-01,
PRV-030,normal,,,
PRV-031,normal,,,
PRV-032,injected,duplicate,2026-03-10,
PRV-033,normal,,,
PRV-034,normal,,,
PRV-035,normal,,,
PRV-036,normal,,,
PRV-037,normal,,,
PRV-038,normal,,,
PRV-039,normal,,,
PRV-040,injected,referral_concentration,2026-01-19,referral source
PRV-041,normal,,,
PRV-042,normal,,,
PRV-043,normal,,,
PRV-044,normal,,,
PRV-045,normal,,,
PRV-046,normal,,,
PRV-047,normal,,,
PRV-048,normal,,,
PRV-049,normal,,,
PRV-050,normal,,,
PRV-051,normal,,,
PRV-052,normal,,,
PRV-053,normal,,,
PRV-054,normal,,,
PRV-055,normal,,,
PRV-056,normal,,,
PRV-057,normal,,,
PRV-058,normal,,,
PRV-059,normal,,,
PRV-060,normal,,,
PRV-061,normal,,,
PRV-062,normal,,,
PRV-063,normal,,,
PRV-064,normal,,,
PRV-065,normal,,,
PRV-066,normal,,,
PRV-067,injected,implausible_service,2025-11-13,
PRV-068,normal,,,
PRV-069,normal,,,
PRV-070,normal,,,
PRV-071,normal,,,
PRV-072,normal,,,
PRV-073,normal,,,
PRV-074,injected,duplicate,2025-10-04,
PRV-075,normal,,,
PRV-076,normal,,,
PRV-077,normal,,,
PRV-078,normal,,,
PRV-079,normal,,,
PRV-080,normal,,,
PRV-081,normal,,,
PRV-082,normal,,,
PRV-083,normal,,,
PRV-084,normal,,,
PRV-085,historical,referral_concentration,2025-05-01,
PRV-086,normal,,,
PRV-087,historical,duplicate|historical_pinned_similar_case,2025-05-01,
PRV-088,historical,coordinated_network,2025-05-01,
PRV-089,historical,coordinated_network,2025-05-01,
PRV-090,normal,,,
PRV-091,normal,,,
PRV-092,normal,,,
PRV-093,normal,,,
PRV-094,historical,historical_excessive,2025-04-01,
PRV-095,normal,,,
PRV-096,injected,upcoding,2026-01-07,
PRV-097,normal,,,
PRV-098,normal,,,
PRV-099,normal,,,
PRV-100,normal,,,
PRV-101,normal,,,
PRV-102,hero,duplicate|hero_multi_pattern,2025-10-01,"Hero case: staged escalation (utilization, referral concentration, duplicates, new facilities, high-value procedures, network expansion)"
PRV-103,ring,coordinated_network,2026-04-01,partner of PRV-102
PRV-104,ring,coordinated_network,2026-04-01,partner of PRV-102
PRV-105,ring,coordinated_network,2026-05-01,partner of PRV-102
PRV-106,normal,,,
PRV-107,injected,duplicate,2026-01-02,
PRV-108,normal,,,
PRV-109,normal,,,
PRV-110,normal,,,
PRV-111,normal,,,
PRV-112,injected,referral_concentration,2025-09-20,
PRV-113,normal,,,
PRV-114,normal,,,
PRV-115,normal,,,
PRV-116,injected,implausible_service,2025-11-16,
PRV-117,normal,,,
PRV-118,normal,,,
PRV-119,injected,duplicate,2026-02-15,
PRV-120,normal,,,
PRV-121,normal,,,
PRV-122,normal,,,
PRV-123,normal,,,
PRV-124,normal,,,
PRV-125,normal,,,
PRV-126,normal,,,
PRV-127,normal,,,
PRV-128,normal,,,
PRV-129,normal,,,
PRV-130,normal,,,
PRV-131,historical,historical_excessive,2025-05-01,
PRV-132,normal,,,
PRV-133,normal,,,
PRV-134,normal,,,
PRV-135,normal,,,
PRV-136,normal,,,
PRV-137,normal,,,
PRV-138,normal,,,
PRV-139,normal,,,
PRV-140,normal,,,
PRV-141,normal,,,
PRV-142,normal,,,
PRV-143,injected,excessive_utilization,2025-09-11,
PRV-144,normal,,,
PRV-145,normal,,,
PRV-146,normal,,,
PRV-147,injected,referral_concentration,2025-09-04,
PRV-148,normal,,,
PRV-149,injected,unbundling,2026-02-06,
PRV-150,normal,,,
PRV-151,normal,,,
PRV-152,normal,,,
PRV-153,normal,,,
PRV-154,normal,,,
PRV-155,normal,,,
PRV-156,injected,duplicate,2026-03-09,
PRV-157,normal,,,
PRV-158,normal,,,
PRV-159,normal,,,
PRV-160,normal,,,
PRV-161,normal,,,
PRV-162,normal,,,
PRV-163,normal,,,
PRV-164,normal,,,
PRV-165,normal,,,
PRV-166,normal,,,
PRV-167,normal,,,
PRV-168,normal,,,
PRV-169,normal,,,
PRV-170,normal,,,
PRV-171,normal,,,
PRV-172,normal,,,
PRV-173,normal,,,
PRV-174,normal,,,
PRV-175,normal,,,
PRV-176,normal,,,
PRV-177,normal,,,
PRV-178,normal,,,
PRV-179,normal,,,
PRV-180,normal,,,
PRV-181,normal,,,
PRV-182,normal,,,
PRV-183,normal,,,
PRV-184,normal,,,
PRV-185,normal,,,
PRV-186,injected,referral_concentration,2026-03-17,referral source
PRV-187,normal,,,
PRV-188,normal,,,
PRV-189,normal,,,
PRV-190,normal,,,
PRV-191,normal,,,
PRV-192,normal,,,
PRV-193,normal,,,
PRV-194,normal,,,
PRV-195,normal,,,
PRV-196,normal,,,
PRV-197,normal,,,
PRV-198,normal,,,
PRV-199,normal,,,
PRV-200,normal,,,
PRV-201,normal,,,
PRV-202,normal,,,
PRV-203,injected,excessive_utilization,2025-10-10,
PRV-204,normal,,,
PRV-205,normal,,,
PRV-206,normal,,,
PRV-207,injected,referral_concentration,2026-01-19,
PRV-208,normal,,,
PRV-209,normal,,,
PRV-210,normal,,,
PRV-211,normal,,,
PRV-212,normal,,,
PRV-213,normal,,,
PRV-214,normal,,,
PRV-215,normal,,,
PRV-216,normal,,,
PRV-217,normal,,,
PRV-218,normal,,,
PRV-219,normal,,,
PRV-220,normal,,,
PRV-221,normal,,,
PRV-222,normal,,,
PRV-223,historical,referral_concentration,2025-05-01,
PRV-224,historical,historical_excessive,2025-04-01,
PRV-225,normal,,,
PRV-226,normal,,,
PRV-227,normal,,,
PRV-228,normal,,,
PRV-229,normal,,,
PRV-230,normal,,,
PRV-231,normal,,,
PRV-232,normal,,,
PRV-233,normal,,,
PRV-234,normal,,,
PRV-235,normal,,,
PRV-236,normal,,,
PRV-237,normal,,,
PRV-238,normal,,,
PRV-239,normal,,,
PRV-240,historical,referral_concentration,2025-04-01,
PRV-241,normal,,,
PRV-242,normal,,,
PRV-243,normal,,,
PRV-244,injected,referral_concentration,2025-11-08,
PRV-245,normal,,,
PRV-246,historical,historical_duplicate|duplicate,2025-05-01,
PRV-247,normal,,,
PRV-248,normal,,,
PRV-249,normal,,,
PRV-250,normal,,,
PRV-251,normal,,,
PRV-252,normal,,,
PRV-253,normal,,,
PRV-254,normal,,,
PRV-255,normal,,,
PRV-256,normal,,,
PRV-257,normal,,,
PRV-258,normal,,,
PRV-259,normal,,,
PRV-260,normal,,,
PRV-261,normal,,,
PRV-262,injected,referral_concentration,2026-03-04,referral source
PRV-263,normal,,,
PRV-264,normal,,,
PRV-265,normal,,,
PRV-266,normal,,,
PRV-267,normal,,,
PRV-268,normal,,,
PRV-269,injected,duplicate,2025-09-11,
PRV-270,normal,,,
PRV-271,normal,,,
PRV-272,normal,,,
PRV-273,normal,,,
PRV-274,normal,,,
PRV-275,normal,,,
PRV-276,normal,,,
PRV-277,normal,,,
PRV-278,normal,,,
PRV-279,normal,,,
PRV-280,normal,,,
PRV-281,normal,,,
PRV-282,normal,,,
PRV-283,normal,,,
PRV-284,normal,,,
PRV-285,normal,,,
PRV-286,normal,,,
PRV-287,normal,,,
PRV-288,normal,,,
PRV-289,normal,,,
PRV-290,normal,,,
PRV-291,normal,,,
PRV-292,normal,,,
PRV-293,normal,,,
PRV-294,normal,,,
PRV-295,normal,,,
PRV-296,normal,,,
PRV-297,normal,,,
PRV-298,normal,,,
PRV-299,normal,,,
PRV-300,injected,duplicate,2025-10-08,
PRV-301,normal,,,
PRV-302,normal,,,
PRV-303,normal,,,
PRV-304,normal,,,
PRV-305,normal,,,
PRV-306,injected,duplicate,2026-03-01,
PRV-307,normal,,,
PRV-308,historical,historical_excessive,2025-04-01,
PRV-309,injected,upcoding,2025-08-12,
PRV-310,normal,,,
PRV-311,injected,duplicate,2025-10-05,
PRV-312,normal,,,
PRV-313,injected,excessive_utilization,2025-12-12,
PRV-314,normal,,,
PRV-315,normal,,,
PRV-316,normal,,,
PRV-317,normal,,,
PRV-318,normal,,,
PRV-319,normal,,,
PRV-320,normal,,,
PRV-321,normal,,,
PRV-322,normal,,,
PRV-323,normal,,,
PRV-324,normal,,,
PRV-325,normal,,,
PRV-326,normal,,,
PRV-327,normal,,,
PRV-328,normal,,,
PRV-329,normal,,,
PRV-330,normal,,,
PRV-331,normal,,,
PRV-332,normal,,,
PRV-333,normal,,,
PRV-334,normal,,,
PRV-335,injected,upcoding,2026-02-07,
PRV-336,historical,historical_duplicate|duplicate,2025-05-01,
PRV-337,normal,,,
PRV-338,normal,,,
PRV-339,normal,,,
PRV-340,normal,,,
PRV-341,normal,,,
PRV-342,normal,,,
PRV-343,injected,duplicate,2025-11-13,
PRV-344,normal,,,
PRV-345,normal,,,
PRV-346,normal,,,
PRV-347,normal,,,
PRV-348,normal,,,
PRV-349,normal,,,
PRV-350,normal,,,
PRV-351,normal,,,
PRV-352,normal,,,
PRV-353,normal,,,
PRV-354,normal,,,
PRV-355,normal,,,
PRV-356,normal,,,
PRV-357,normal,,,
PRV-358,normal,,,
PRV-359,normal,,,
PRV-360,normal,,,
PRV-361,normal,,,
PRV-362,normal,,,
PRV-363,normal,,,
PRV-364,normal,,,
PRV-365,normal,,,
PRV-366,normal,,,
PRV-367,historical,historical_duplicate|duplicate,2025-05-01,
PRV-368,normal,,,
PRV-369,historical,historical_duplicate|duplicate,2025-05-01,
PRV-370,normal,,,
PRV-371,normal,,,
PRV-372,normal,,,
PRV-373,normal,,,
PRV-374,normal,,,
PRV-375,normal,,,
PRV-376,normal,,,
PRV-377,normal,,,
PRV-378,normal,,,
PRV-379,normal,,,
PRV-380,normal,,,
PRV-381,normal,,,
PRV-382,normal,,,
PRV-383,injected,unbundling,2025-08-12,
PRV-384,normal,,,
PRV-385,normal,,,
PRV-386,normal,,,
PRV-387,normal,,,
PRV-388,normal,,,
PRV-389,normal,,,
PRV-390,normal,,,
PRV-391,normal,,,
PRV-392,normal,,,
PRV-393,normal,,,
PRV-394,normal,,,
PRV-395,injected,upcoding,2026-03-06,
PRV-396,normal,,,
PRV-397,normal,,,
PRV-398,normal,,,
PRV-399,normal,,,
PRV-400,normal,,,
PRV-401,normal,,,
PRV-402,normal,,,
PRV-403,normal,,,
PRV-404,normal,,,
PRV-405,normal,,,
PRV-406,normal,,,
PRV-407,normal,,,
PRV-408,injected,duplicate,2025-09-11,
PRV-409,injected,unbundling,2026-03-03,
PRV-410,ring,referral_concentration,2025-12-01,referral source of PRV-102
PRV-411,normal,,,
PRV-412,normal,,,
PRV-413,normal,,,
PRV-414,normal,,,
PRV-415,normal,,,
PRV-416,normal,,,
PRV-417,normal,,,
PRV-418,normal,,,
PRV-419,normal,,,
PRV-420,normal,,,
PRV-421,normal,,,
PRV-422,historical,historical_excessive,2025-05-01,
PRV-423,normal,,,
PRV-424,normal,,,
PRV-425,normal,,,
PRV-426,historical,historical_duplicate|duplicate,2025-04-01,
PRV-427,normal,,,
PRV-428,normal,,,
PRV-429,normal,,,
PRV-430,normal,,,
PRV-431,normal,,,
PRV-432,normal,,,
PRV-433,normal,,,
PRV-434,normal,,,
PRV-435,normal,,,
PRV-436,normal,,,
PRV-437,normal,,,
PRV-438,normal,,,
PRV-439,injected,impossible_timing,2026-03-10,
PRV-440,normal,,,
PRV-441,normal,,,
PRV-442,injected,referral_concentration,2025-10-13,
PRV-443,normal,,,
PRV-444,historical,referral_concentration,2025-05-01,
PRV-445,normal,,,
PRV-446,historical,historical_excessive,2025-05-01,
PRV-447,historical,historical_duplicate|duplicate,2025-04-01,
PRV-448,normal,,,
PRV-449,normal,,,
PRV-450,normal,,,
PRV-451,normal,,,
PRV-452,normal,,,
PRV-453,normal,,,
PRV-454,injected,excessive_utilization,2026-04-08,
PRV-455,normal,,,
PRV-456,normal,,,
PRV-457,normal,,,
PRV-458,normal,,,
PRV-459,normal,,,
PRV-460,normal,,,
PRV-461,normal,,,
PRV-462,normal,,,
PRV-463,normal,,,
PRV-464,normal,,,
PRV-465,normal,,,
PRV-466,normal,,,
PRV-467,normal,,,
PRV-468,normal,,,
PRV-469,historical,upcoding,2025-04-01,
PRV-470,injected,excessive_utilization,2025-11-06,
PRV-471,normal,,,
PRV-472,normal,,,
PRV-473,normal,,,
PRV-474,normal,,,
PRV-475,normal,,,
PRV-476,normal,,,
PRV-477,normal,,,
PRV-478,normal,,,
PRV-479,normal,,,
PRV-480,normal,,,
PRV-481,normal,,,
PRV-482,normal,,,
PRV-483,normal,,,
PRV-484,normal,,,
PRV-485,historical,historical_duplicate|duplicate,2025-05-01,
PRV-486,normal,,,
PRV-487,normal,,,
PRV-488,normal,,,
PRV-489,injected,referral_concentration,2025-09-16,
PRV-490,normal,,,
PRV-491,normal,,,
PRV-492,normal,,,
PRV-493,normal,,,
PRV-494,normal,,,
PRV-495,normal,,,
PRV-496,injected,implausible_service,2025-12-07,
PRV-497,normal,,,
PRV-498,normal,,,
PRV-499,normal,,,
PRV-500,normal,,,
PRV-501,injected,referral_concentration,2025-09-04,referral source
PRV-502,normal,,,
PRV-503,normal,,,
PRV-504,normal,,,
PRV-505,normal,,,
PRV-506,normal,,,
PRV-507,normal,,,
PRV-508,normal,,,
PRV-509,normal,,,
PRV-510,normal,,,
PRV-511,normal,,,
PRV-512,normal,,,
PRV-513,normal,,,
PRV-514,normal,,,
PRV-515,normal,,,
PRV-516,normal,,,
PRV-517,normal,,,
PRV-518,normal,,,
PRV-519,normal,,,
PRV-520,normal,,,
PRV-521,normal,,,
PRV-522,normal,,,
PRV-523,normal,,,
PRV-524,normal,,,
PRV-525,historical,upcoding,2025-05-01,
PRV-526,normal,,,
PRV-527,normal,,,
PRV-528,normal,,,
PRV-529,normal,,,
PRV-530,normal,,,
PRV-531,normal,,,
PRV-532,normal,,,
PRV-533,normal,,,
PRV-534,normal,,,
PRV-535,normal,,,
PRV-536,normal,,,
PRV-537,normal,,,
PRV-538,normal,,,
PRV-539,normal,,,
PRV-540,normal,,,
PRV-541,injected,referral_concentration,2025-11-02,referral source
PRV-542,normal,,,
PRV-543,normal,,,
PRV-544,injected,referral_concentration,2025-09-20,referral source
PRV-545,normal,,,
PRV-546,normal,,,
PRV-547,normal,,,
PRV-548,normal,,,
PRV-549,normal,,,
PRV-550,injected,implausible_service,2025-12-08,
PRV-551,normal,,,
PRV-552,normal,,,
PRV-553,normal,,,
PRV-554,normal,,,
PRV-555,normal,,,
PRV-556,normal,,,
PRV-557,normal,,,
PRV-558,historical,historical_duplicate|duplicate,2025-05-01,
PRV-559,normal,,,
PRV-560,normal,,,
PRV-561,normal,,,
PRV-562,normal,,,
PRV-563,normal,,,
PRV-564,normal,,,
PRV-565,injected,upcoding,2025-10-18,
PRV-566,normal,,,
PRV-567,injected,unbundling,2025-11-09,
PRV-568,normal,,,
PRV-569,normal,,,
PRV-570,historical,historical_duplicate|duplicate,2025-05-01,
PRV-571,normal,,,
PRV-572,normal,,,
PRV-573,normal,,,
PRV-574,normal,,,
PRV-575,normal,,,
PRV-576,normal,,,
PRV-577,normal,,,
PRV-578,normal,,,
PRV-579,normal,,,
PRV-580,normal,,,
PRV-581,historical,referral_concentration,2025-05-01,
PRV-582,historical,referral_concentration,2025-04-01,
PRV-583,normal,,,
PRV-584,injected,unbundling,2025-10-17,
PRV-585,normal,,,
PRV-586,normal,,,
PRV-587,normal,,,
PRV-588,normal,,,
PRV-589,normal,,,
PRV-590,normal,,,
PRV-591,normal,,,
PRV-592,normal,,,
PRV-593,normal,,,
PRV-594,normal,,,
PRV-595,normal,,,
PRV-596,normal,,,
PRV-597,normal,,,
PRV-598,normal,,,
PRV-599,normal,,,
PRV-600,injected,unbundling,2025-08-07,
PRV-601,injected,coordinated_network,2026-01-01,
PRV-602,injected,coordinated_network|duplicate,2026-01-01,
PRV-603,injected,coordinated_network,2026-01-01,
PRV-604,injected,coordinated_network|duplicate,2026-01-01,
PRV-605,injected,coordinated_network,2026-01-01,
PRV-606,normal,,,
PRV-607,normal,,,
PRV-608,normal,,,
PRV-609,normal,,,
PRV-610,normal,,,
PRV-611,normal,,,
PRV-612,normal,,,
PRV-613,normal,,,
PRV-614,normal,,,
PRV-615,normal,,,
PRV-616,normal,,,
PRV-617,injected,duplicate,2025-11-15,
PRV-618,normal,,,
PRV-619,normal,,,
PRV-620,injected,referral_concentration,2025-11-02,
PRV-621,normal,,,
PRV-622,normal,,,
PRV-623,normal,,,
PRV-624,normal,,,
PRV-625,normal,,,
PRV-626,historical,historical_duplicate|duplicate,2025-04-01,
PRV-627,normal,,,
PRV-628,normal,,,
PRV-629,normal,,,
PRV-630,injected,excessive_utilization,2026-01-17,
PRV-631,normal,,,
PRV-632,normal,,,
PRV-633,normal,,,
PRV-634,normal,,,
PRV-635,normal,,,
PRV-636,normal,,,
PRV-637,normal,,,
PRV-638,normal,,,
PRV-639,normal,,,
PRV-640,normal,,,
PRV-641,normal,,,
PRV-642,normal,,,
PRV-643,normal,,,
PRV-644,normal,,,
PRV-645,normal,,,
PRV-646,normal,,,
PRV-647,normal,,,
PRV-648,normal,,,
PRV-649,normal,,,
PRV-650,normal,,,
PRV-651,normal,,,
PRV-652,normal,,,
PRV-653,normal,,,
PRV-654,normal,,,
PRV-655,normal,,,
PRV-656,normal,,,
PRV-657,normal,,,
PRV-658,normal,,,
PRV-659,normal,,,
PRV-660,normal,,,
PRV-661,normal,,,
PRV-662,normal,,,
PRV-663,normal,,,
PRV-664,injected,impossible_timing,2025-11-11,
PRV-665,normal,,,
PRV-666,normal,,,
PRV-667,normal,,,
PRV-668,normal,,,
PRV-669,injected,excessive_utilization,2025-11-19,
PRV-670,normal,,,
PRV-671,normal,,,
PRV-672,normal,,,
PRV-673,normal,,,
PRV-674,normal,,,
PRV-675,normal,,,
PRV-676,normal,,,
PRV-677,normal,,,
PRV-678,normal,,,
PRV-679,normal,,,
PRV-680,normal,,,
PRV-681,normal,,,
PRV-682,normal,,,
PRV-683,normal,,,
PRV-684,normal,,,
PRV-685,normal,,,
PRV-686,normal,,,
PRV-687,normal,,,
PRV-688,normal,,,
PRV-689,normal,,,
PRV-690,normal,,,
PRV-691,normal,,,
PRV-692,normal,,,
PRV-693,injected,upcoding,2025-11-11,
PRV-694,normal,,,
PRV-695,normal,,,
PRV-696,normal,,,
PRV-697,normal,,,
PRV-698,normal,,,
PRV-699,normal,,,
PRV-700,normal,,,
PRV-701,normal,,,
PRV-702,normal,,,
PRV-703,normal,,,
PRV-704,normal,,,
PRV-705,normal,,,
PRV-706,normal,,,
PRV-707,historical,upcoding,2025-04-01,
PRV-708,historical,historical_duplicate|duplicate,2025-04-01,
PRV-709,normal,,,
PRV-710,normal,,,
PRV-711,normal,,,
PRV-712,normal,,,
PRV-713,normal,,,
PRV-714,normal,,,
PRV-715,normal,,,
PRV-716,normal,,,
PRV-717,historical,historical_duplicate|duplicate,2025-04-01,
PRV-718,normal,,,
PRV-719,normal,,,
PRV-720,injected,excessive_utilization,2026-01-11,
PRV-721,normal,,,
PRV-722,normal,,,
PRV-723,normal,,,
PRV-724,normal,,,
PRV-725,normal,,,
PRV-726,normal,,,
PRV-727,normal,,,
PRV-728,normal,,,
PRV-729,normal,,,
PRV-730,normal,,,
PRV-731,normal,,,
PRV-732,normal,,,
PRV-733,normal,,,
PRV-734,normal,,,
PRV-735,normal,,,
PRV-736,normal,,,
PRV-737,normal,,,
PRV-738,injected,duplicate,2026-04-19,
PRV-739,normal,,,
PRV-740,normal,,,
PRV-741,normal,,,
PRV-742,normal,,,
PRV-743,normal,,,
PRV-744,injected,referral_concentration,2025-09-16,referral source
PRV-745,normal,,,
PRV-746,normal,,,
PRV-747,historical,historical_excessive,2025-04-01,
PRV-748,normal,,,
PRV-749,normal,,,
PRV-750,normal,,,
PRV-751,normal,,,
PRV-752,normal,,,
PRV-753,normal,,,
PRV-754,normal,,,
PRV-755,normal,,,
PRV-756,normal,,,
PRV-757,normal,,,
PRV-758,normal,,,
PRV-759,historical,historical_duplicate|duplicate,2025-04-01,
PRV-760,normal,,,
PRV-761,normal,,,
PRV-762,normal,,,
PRV-763,normal,,,
PRV-764,injected,upcoding,2026-01-11,
PRV-765,normal,,,
PRV-766,normal,,,
PRV-767,normal,,,
PRV-768,normal,,,
PRV-769,normal,,,
PRV-770,normal,,,
PRV-771,normal,,,
PRV-772,normal,,,
PRV-773,normal,,,
PRV-774,historical,historical_duplicate|duplicate,2025-05-01,
PRV-775,normal,,,
PRV-776,normal,,,
PRV-777,control,legit_high_utilization,,Legitimate high utilization: oncology infusion cycles
PRV-778,control,legit_high_utilization,,Legitimate high utilization: PT episodes of care
PRV-779,normal,,,
PRV-780,normal,,,
PRV-781,normal,,,
PRV-782,normal,,,
PRV-783,normal,,,
PRV-784,normal,,,
PRV-785,normal,,,
PRV-786,normal,,,
PRV-787,injected,upcoding,2025-11-18,
PRV-788,normal,,,
PRV-789,normal,,,
PRV-790,normal,,,
PRV-791,normal,,,
PRV-792,normal,,,
PRV-793,normal,,,
PRV-794,normal,,,
PRV-795,normal,,,
PRV-796,historical,upcoding,2025-04-01,
PRV-797,injected,referral_concentration,2026-01-12,
PRV-798,normal,,,
PRV-799,injected,upcoding,2026-02-03,
PRV-800,normal,,,
PRV-801,normal,,,
PRV-802,normal,,,
PRV-803,normal,,,
PRV-804,normal,,,
PRV-805,historical,historical_excessive,2025-04-01,
PRV-806,normal,,,
PRV-807,normal,,,
PRV-808,normal,,,
PRV-809,normal,,,
PRV-810,normal,,,
PRV-811,normal,,,
PRV-812,normal,,,
PRV-813,normal,,,
PRV-814,historical,historical_excessive,2025-05-01,
PRV-815,normal,,,
PRV-816,normal,,,
PRV-817,normal,,,
PRV-818,normal,,,
PRV-819,historical,referral_concentration,2025-05-01,
PRV-820,normal,,,
PRV-821,normal,,,
PRV-822,normal,,,
PRV-823,normal,,,
PRV-824,normal,,,
PRV-825,normal,,,
PRV-826,normal,,,
PRV-827,normal,,,
PRV-828,normal,,,
PRV-829,normal,,,
PRV-830,normal,,,
PRV-831,normal,,,
PRV-832,normal,,,
PRV-833,injected,upcoding,2026-03-06,
PRV-834,normal,,,
PRV-835,normal,,,
PRV-836,normal,,,
PRV-837,normal,,,
PRV-838,normal,,,
PRV-839,injected,duplicate,2025-11-12,
PRV-840,normal,,,
PRV-841,normal,,,
PRV-842,injected,impossible_timing,2026-03-10,
PRV-843,normal,,,
PRV-844,normal,,,
PRV-845,normal,,,
PRV-846,injected,impossible_timing,2026-03-14,
PRV-847,normal,,,
PRV-848,injected,implausible_service,2026-04-11,
PRV-849,normal,,,
PRV-850,normal,,,
PRV-851,normal,,,
PRV-852,normal,,,
PRV-853,injected,excessive_utilization,2026-04-05,
PRV-854,normal,,,
PRV-855,normal,,,
PRV-856,normal,,,
PRV-857,normal,,,
PRV-858,normal,,,
PRV-859,normal,,,
PRV-860,normal,,,
PRV-861,normal,,,
PRV-862,normal,,,
PRV-863,injected,upcoding,2026-03-16,
PRV-864,normal,,,
PRV-865,normal,,,
PRV-866,normal,,,
PRV-867,normal,,,
PRV-868,normal,,,
PRV-869,normal,,,
PRV-870,injected,impossible_timing,2025-12-15,
PRV-871,historical,referral_concentration,2025-04-01,
PRV-872,injected,excessive_utilization,2026-02-18,
PRV-873,normal,,,
PRV-874,normal,,,
PRV-875,normal,,,
PRV-876,normal,,,
PRV-877,normal,,,
PRV-878,normal,,,
PRV-879,normal,,,
PRV-880,normal,,,
PRV-881,normal,,,
PRV-882,normal,,,
PRV-883,normal,,,
PRV-884,normal,,,
PRV-885,normal,,,
PRV-886,normal,,,
PRV-887,injected,unbundling,2026-04-20,
PRV-888,normal,,,
PRV-889,injected,unbundling,2025-10-13,
PRV-890,normal,,,
PRV-891,normal,,,
PRV-892,normal,,,
PRV-893,normal,,,
PRV-894,normal,,,
PRV-895,normal,,,
PRV-896,normal,,,
PRV-897,normal,,,
PRV-898,normal,,,
PRV-899,normal,,,
PRV-900,normal,,,
PRV-901,normal,,,
PRV-902,normal,,,
PRV-903,normal,,,
PRV-904,normal,,,
PRV-905,normal,,,
PRV-906,normal,,,
PRV-907,normal,,,
PRV-908,normal,,,
PRV-909,normal,,,
PRV-910,normal,,,
PRV-911,historical,historical_duplicate|duplicate,2025-05-01,
PRV-912,normal,,,
PRV-913,normal,,,
PRV-914,normal,,,
PRV-915,normal,,,
PRV-916,normal,,,
PRV-917,normal,,,
PRV-918,injected,referral_concentration,2026-03-17,
PRV-919,normal,,,
PRV-920,normal,,,
PRV-921,normal,,,
PRV-922,normal,,,
PRV-923,normal,,,
PRV-924,normal,,,
PRV-925,normal,,,
PRV-926,normal,,,
PRV-927,normal,,,
PRV-928,normal,,,
PRV-929,normal,,,
PRV-930,normal,,,
PRV-931,normal,,,
PRV-932,normal,,,
PRV-933,historical,historical_excessive,2025-04-01,
PRV-934,normal,,,
PRV-935,injected,referral_concentration,2026-03-04,
PRV-936,normal,,,
PRV-937,normal,,,
PRV-938,normal,,,
PRV-939,normal,,,
PRV-940,normal,,,
PRV-941,normal,,,
PRV-942,normal,,,
PRV-943,normal,,,
PRV-944,normal,,,
PRV-945,normal,,,
PRV-946,normal,,,
PRV-947,normal,,,
PRV-948,normal,,,
PRV-949,normal,,,
PRV-950,normal,,,
PRV-951,normal,,,
PRV-952,normal,,,
PRV-953,normal,,,
PRV-954,normal,,,
PRV-955,normal,,,
PRV-956,normal,,,
PRV-957,normal,,,
PRV-958,normal,,,
PRV-959,injected,referral_concentration,2025-11-08,referral source
PRV-960,normal,,,
PRV-961,normal,,,
PRV-962,historical,historical_duplicate|duplicate,2025-05-01,
PRV-963,normal,,,
PRV-964,normal,,,
PRV-965,injected,implausible_service,2026-01-15,
PRV-966,normal,,,
PRV-967,normal,,,
PRV-968,normal,,,
PRV-969,normal,,,
PRV-970,normal,,,
PRV-971,normal,,,
PRV-972,normal,,,
PRV-973,normal,,,
PRV-974,injected,impossible_timing,2026-01-06,
PRV-975,normal,,,
PRV-976,normal,,,
PRV-977,normal,,,
PRV-978,injected,referral_concentration,2025-10-13,referral source
PRV-979,normal,,,
PRV-980,normal,,,
PRV-981,normal,,,
PRV-982,normal,,,
PRV-983,normal,,,
PRV-984,normal,,,
PRV-985,normal,,,
PRV-986,normal,,,
PRV-987,normal,,,
PRV-988,historical,upcoding,2025-04-01,
PRV-989,normal,,,
PRV-990,normal,,,
PRV-991,normal,,,
PRV-992,injected,referral_concentration,2026-01-12,referral source
PRV-993,normal,,,
PRV-994,normal,,,
PRV-995,normal,,,
PRV-996,normal,,,
PRV-997,normal,,,
PRV-998,normal,,,
PRV-999,normal,,,
PRV-1000,normal,,,
